"src_number","src_url","dst_number","dst_url"
"21","https://github.com/ThanhNT2k/web-app-project/issues/21","26","https://github.com/suzynotsusie/cmc-truyen-temp/issues/26"
"20","https://github.com/ThanhNT2k/web-app-project/issues/20","27","https://github.com/suzynotsusie/cmc-truyen-temp/issues/27"
"19","https://github.com/ThanhNT2k/web-app-project/issues/19","28","https://github.com/suzynotsusie/cmc-truyen-temp/issues/28"
"17","https://github.com/ThanhNT2k/web-app-project/issues/17","29","https://github.com/suzynotsusie/cmc-truyen-temp/issues/29"
"16","https://github.com/ThanhNT2k/web-app-project/issues/16","30","https://github.com/suzynotsusie/cmc-truyen-temp/issues/30"
"15","https://github.com/ThanhNT2k/web-app-project/issues/15","31","https://github.com/suzynotsusie/cmc-truyen-temp/issues/31"
"14","https://github.com/ThanhNT2k/web-app-project/issues/14","32","https://github.com/suzynotsusie/cmc-truyen-temp/issues/32"
"13","https://github.com/ThanhNT2k/web-app-project/issues/13","33","https://github.com/suzynotsusie/cmc-truyen-temp/issues/33"
"12","https://github.com/ThanhNT2k/web-app-project/issues/12","34","https://github.com/suzynotsusie/cmc-truyen-temp/issues/34"
"11","https://github.com/ThanhNT2k/web-app-project/issues/11","35","https://github.com/suzynotsusie/cmc-truyen-temp/issues/35"
"10","https://github.com/ThanhNT2k/web-app-project/issues/10","36","https://github.com/suzynotsusie/cmc-truyen-temp/issues/36"
"9","https://github.com/ThanhNT2k/web-app-project/issues/9","37","https://github.com/suzynotsusie/cmc-truyen-temp/issues/37"
"8","https://github.com/ThanhNT2k/web-app-project/issues/8","38","https://github.com/suzynotsusie/cmc-truyen-temp/issues/38"
"7","https://github.com/ThanhNT2k/web-app-project/issues/7","39","https://github.com/suzynotsusie/cmc-truyen-temp/issues/39"
"6","https://github.com/ThanhNT2k/web-app-project/issues/6","40","https://github.com/suzynotsusie/cmc-truyen-temp/issues/40"
"5","https://github.com/ThanhNT2k/web-app-project/issues/5","41","https://github.com/suzynotsusie/cmc-truyen-temp/issues/41"
"4","https://github.com/ThanhNT2k/web-app-project/issues/4","42","https://github.com/suzynotsusie/cmc-truyen-temp/issues/42"
"3","https://github.com/ThanhNT2k/web-app-project/issues/3","43","https://github.com/suzynotsusie/cmc-truyen-temp/issues/43"
